id,member_id,loan_amnt,funded_amnt,term,int_rate,exp_default_rate,service_fee_rate,installment,grade,sub_grade,emp_title,emp_length,home_ownership,annual_inc,is_inc_v,accept_d,exp_d,list_d,credit_pull_d,review_status_d,review_status,url,desc,purpose,title,zip_code,addr_state,msa,acc_now_delinq,acc_open_past_24mths,bc_open_to_buy,percent_bc_gt_75,bc_util,dti,delinq_2yrs,delinq_amnt,earliest_cr_line,fico_range_low,fico_range_high,inq_last_6mths,mths_since_last_delinq,mths_since_last_record,mths_since_recent_inq,mths_since_recent_revol_delinq,mths_since_recent_bc,mort_acc,open_acc,pub_rec,total_bal_ex_mort,revol_bal,revol_util,total_bc_limit,total_acc,total_il_high_credit_limit,num_rev_accts,mths_since_recent_bc_dlq,initial_list_status,ils_exp_d,pub_rec_bankruptcies,num_accts_ever_120_pd,chargeoff_within_12_mths,collections_12_mths_ex_med,tax_liens,mths_since_last_major_derog,num_sats,num_tl_op_past_12m,mo_sin_rcnt_tl,tot_hi_cred_lim,tot_cur_bal,avg_cur_bal,num_bc_tl,num_actv_bc_tl,num_bc_sats,pct_tl_nvr_dlq,num_tl_90g_dpd_24m,num_tl_30dpd,num_tl_120dpd_2m,num_il_tl,mo_sin_old_il_acct,num_actv_rev_tl,mo_sin_old_rev_tl_op,mo_sin_rcnt_rev_tl_op,total_rev_hi_lim,num_rev_tl_bal_gt_0,num_op_rev_tl,tot_coll_amt,effective_int_rate,application_type,disbursement_method,annual_inc_joint,dti_joint,verified_status_joint,open_acc_6m,open_act_il,open_il_12m,open_il_24m,mths_since_rcnt_il,total_bal_il,il_util,open_rv_12m,open_rv_24m,max_bal_bc,all_util,inq_fi,total_cu_tl,inq_last_12m,mtg_payment,housing_payment,revol_bal_joint,sec_app_fico_range_low,sec_app_fico_range_high,sec_app_earliest_cr_line,sec_app_inq_last_6mths,sec_app_mort_acc,sec_app_open_acc,sec_app_revol_util,sec_app_open_act_il,sec_app_num_rev_accts,sec_app_chargeoff_within_12_mths,sec_app_collections_12_mths_ex_med,sec_app_mths_since_last_major_derog
"152167636","186565679","22000.0","19675.0","60","11.71","5.49","0.73","486.16","B","B3","","< 1 year","MORTGAGE","60000.0","Not Verified","05-24-2019 06:08:38","07-07-2019 14:00:00","06-07-2019 14:00:00","05-21-2019 09:55:17","06-07-2019 10:00:50","Approved","https://lendingclub.com/browse/loanDetail.action?loan_id=152167636"," ","Credit card refinancing","Credit card refinancing","751xx","TX","","0","2","13573","40.0","58.2","14.65","0","0.0","12-20-1999 16:00:00","665","669","1","52"," ","3"," ","2","5","9","0","21005","21005.0","54.6","32500","26","0","15"," ","f","","0","0","0","0","0","null","9","2","2","103750","75437","8382","8","4","5","96","0","0","0","6","154","5","226","2","38500","5","8","989","11.60","INDIVIDUAL","DIRECT_PAY"," "," "," ","2","0","0","0","73","0.0"," ","2","2","9285.0","54.6","0","3","2","736"," "," "," "," "," "," "," "," "," "," "," "," "," "," "
"153003150","188095322","28000.0","26725.0","36","8.19","2.16","0.86","879.88","A","A4","","< 1 year","RENT","80000.0","Not Verified","06-06-2019 21:39:53","07-07-2019 18:00:00","06-07-2019 18:00:00","06-04-2019 20:38:53","06-07-2019 13:56:56","Approved","https://lendingclub.com/browse/loanDetail.action?loan_id=153003150"," ","Debt consolidation","Debt consolidation","921xx","CA","","0","1","13197","75.0","71.0","32.19","0","0.0","09-04-2005 17:00:00","715","719","0"," "," ","16"," ","40","0","14","0","135969","32303.0","71.0","45500","33","140166","12"," ","f","","0","0","0","0","0","null","14","0","16","185666","135969","9712","12","7","8","100","0","0","0","21","156","7","165","40","45500","7","8","0","8.18","INDIVIDUAL","CASH"," "," "," ","0","6","0","1","16","103666.0","58.7","0","0","7843.0","63.0","1","2","0","0"," "," "," "," "," "," "," "," "," "," "," "," "," "," "
"152654206","187356227","27000.0","22500.0","36","10.33","5.15","1.01","875.41","B","B1","Logistics Manager","1 year","RENT","72000.0","Source Verified","06-05-2019 07:21:02","07-06-2019 10:00:00","06-06-2019 10:00:00","05-30-2019 04:47:10","06-06-2019 06:02:41","Approved","https://lendingclub.com/browse/loanDetail.action?loan_id=152654206"," ","Credit card refinancing","Credit card refinancing","480xx","MI","","0","4","5880","40.0","75.0","21.38","0","0.0","02-27-2007 16:00:00","675","679","0","25","74","8"," ","22","0","10","1","35499","22028.0","54.9","23500","19","24193","10"," ","f","","1","1","0","1","0","25","10","2","4","64293","35499","3550","5","3","5","94","0","0","0","9","110","4","147","4","40100","4","8","151","10.22","INDIVIDUAL","DIRECT_PAY"," "," "," ","1","2","1","2","7","13471.0","55.7","1","2","11381.0","55.2","1","1","2","0"," "," "," "," "," "," "," "," "," "," "," "," "," "," "
"152209289","186627083","40000.0","15725.0","36","25.00","12.86","1.42","1590.4","D","D4","","3 years","MORTGAGE","9500.0","Verified","05-27-2019 08:52:04","07-08-2019 14:00:00","06-08-2019 14:00:00","05-21-2019 15:03:03","06-08-2019 09:57:43","Approved","https://lendingclub.com/browse/loanDetail.action?loan_id=152209289"," ","Debt consolidation","Debt consolidation","421xx","KY","","0","2","922","100.0","92.6","175.22","0","0.0","11-20-2005 16:00:00","670","674","3"," "," ","0"," ","21","0","9","0","70885","22427.0","85.0","12500","24","52852","11"," ","f","","0","0","0","0","0","null","9","1","9","79252","70885","7876","3","3","3","100","0","0","0","13","156","7","162","21","26400","7","7","0","24.20","JOINT","CASH","109500.0","28.66","Verified","0","2","1","1","9","48458.0","91.7","0","1","6203.0","89.4","6","0","12","867.79"," ","60345","655","659","11-20-2005 16:00:00","4","3","16","78.0","3","15","0","0"," "
"151779963","185691648","32000.0","20100.0","60","12.40","5.49","0.73","718.31","B","B4","Correction officer ","10+ years","RENT","65000.0","Source Verified","06-03-2019 10:54:50","07-13-2019 10:00:00","06-13-2019 10:00:00","05-14-2019 13:50:30","06-13-2019 06:01:31","Approved","https://lendingclub.com/browse/loanDetail.action?loan_id=151779963"," ","Credit card refinancing","Credit card refinancing","112xx","NY","","0","7","13541","0.0","16.9","6.09","0","0.0","02-13-2015 16:00:00","715","719","0","40"," ","17","40","9","0","8","0","11717","3176.0","17.1","16300","8","10000","7"," ","f","","0","0","0","0","0","null","8","4","8","28600","11717","1465","4","2","4","87","0","0","0","1","8","4","51","8","18600","4","7","0","12.29","INDIVIDUAL","CASH"," "," "," ","0","1","1","1","8","8541.0","85.4","3","6","1400.0","41.0","0","2","0","0"," "," "," "," "," "," "," "," "," "," "," "," "," "," "
"152935444","187943308","20200.0","14675.0","36","20.00","12.86","1.42","750.71","D","D2","Checker","10+ years","RENT","40000.0","Not Verified","06-06-2019 14:29:25","07-06-2019 18:00:00","06-06-2019 18:00:00","06-03-2019 19:37:06","06-06-2019 14:32:10","Approved","https://lendingclub.com/browse/loanDetail.action?loan_id=152935444"," ","Debt consolidation","Debt consolidation","995xx","AK","","0","3","5011","0.0","22.9","15.27","0","0.0","12-03-2008 16:00:00","675","679","1","40","82","6","40","41","0","8","1","16184","1732.0","12.4","6500","18","15000","11"," ","f","","1","0","0","0","0","null","8","1","6","29000","16184","2023","2","2","2","93","0","0","0","7","126","4","121","15","14000","4","7","2501","19.20","JOINT","CASH","85700.0","24.21","Not Verified","1","1","1","2","6","14452.0","96.3","0","1","1239.0","55.8","1","0","1","0"," ","32892","655","659","07-03-2006 17:00:00","0","0","4","101.7","3","4","0","0"," "
"153005669","188109870","30000.0","19075.0","60","10.33","5.49","0.73","642.3","B","B1","Design and Construction Manager ","2 years","MORTGAGE","110000.0","Verified","06-05-2019 08:54:51","07-05-2019 18:00:00","06-05-2019 18:00:00","06-05-2019 04:32:21","06-05-2019 13:53:20","Approved","https://lendingclub.com/browse/loanDetail.action?loan_id=153005669"," ","Debt consolidation","Debt consolidation","554xx","MN","","0","1","15217","42.9","54.0","9.24","1","0.0","04-04-2007 17:00:00","680","684","0","22"," ","7"," ","36","4","15","0","49223","18534.0","43.2","33100","26","24877","15"," ","f","","0","0","0","0","0","null","15","1","7","363686","324319","24948","10","7","9","96","0","0","0","7","146","9","79","7","42900","9","12","0","10.22","INDIVIDUAL","DIRECT_PAY"," "," "," ","0","2","0","0","38","30689.0","123.4","1","1","6378.0","72.6","0","0","1","2189"," "," "," "," "," "," "," "," "," "," "," "," "," "," "
"153123905","188250724","40000.0","31975.0","36","8.81","2.16","0.86","1268.46","A","A5","Director of Provider Contracting","2 years","RENT","119025.0","Source Verified","06-06-2019 18:41:59","07-07-2019 06:00:00","06-07-2019 06:00:00","06-06-2019 18:33:29","06-06-2019 18:43:19","Approved","https://lendingclub.com/browse/loanDetail.action?loan_id=153123905"," ","Credit card refinancing","Credit card refinancing","910xx","CA","","0","1","3548","85.7","91.2","18.49","0","0.0","02-06-1996 16:00:00","680","684","0"," "," "," "," ","27","0","16","0","63885","45611.0","56.8","40500","34","20034","24"," ","f","","0","0","0","0","0","null","16","1","9","100334","63885","4259","10","6","8","100","0","0","0","10","143","9","280","27","80300","9","15","0","8.80","INDIVIDUAL","CASH"," "," "," ","0","1","1","1","9","18274.0","91.2","0","0","9994.0","63.7","0","0","0","0"," "," "," "," "," "," "," "," "," "," "," "," "," "," "
"152995611","188033797","40000.0","25775.0","36","16.40","7.19","1.15","1414.2","C","C4","","< 1 year","RENT","110000.0","Source Verified","06-04-2019 18:36:17","07-05-2019 14:00:00","06-05-2019 14:00:00","06-04-2019 18:32:17","06-05-2019 09:52:33","Approved","https://lendingclub.com/browse/loanDetail.action?loan_id=152995611"," ","Credit card refinancing","Credit card refinancing","891xx","NV","","0","6","13820","40.0","68.9","21.4","0","0.0","03-04-1985 16:00:00","675","679","1","44"," ","4"," ","8","0","9","0","67208","30580.0","54.8","44400","18","0","13"," ","f","","0","0","0","0","0","59","9","3","1","107028","67208","7468","9","4","5","94","0","0","0","3","100","4","411","1","55800","4","8","0","16.16","JOINT","DIRECT_PAY","270000.0","15.71","Not Verified","2","0","0","0","95","0.0"," ","3","6","18276.0","54.8","3","0","3","0"," ","119654","630","634","02-04-1989 16:00:00","0","0","3","62.3","0","5","0","0","71"
"152953172","187962155","40000.0","25450.0","36","22.50","12.86","1.42","1537.99","D","D3","Manager","10+ years","MORTGAGE","72000.0","Source Verified","06-04-2019 08:13:18","07-07-2019 10:00:00","06-07-2019 10:00:00","06-04-2019 07:35:39","06-07-2019 07:19:12","Approved","https://lendingclub.com/browse/loanDetail.action?loan_id=152953172"," ","Debt consolidation","Debt consolidation","927xx","CA","","0","3","2930","66.7","78.9","6.43","0","0.0","04-03-2015 17:00:00","660","664","0"," ","117","4"," ","13","0","6","1","11320","11320.0","67.0","13900","7","0","7"," ","f","","1","0","0","0","0","null","6","0","13","16900","11320","1887","4","2","3","100","0","0","0","0"," ","4","50","13","16900","4","6","0","21.70","JOINT","CASH","117000.0","6.49","Source Verified","0","0","0","0"," ","0.0"," ","0","3","9412.0","67.0","0","0","4","0"," ","19199","650","654","04-03-2007 17:00:00","0","0","2","68.5","0","2","0","0"," "
"152759870","187650908","26000.0","14425.0","36","20.00","12.86","1.42","966.26","D","D2","Building Engineer","2 years","RENT","93000.0","Not Verified","06-05-2019 21:07:59","07-06-2019 06:00:00","06-06-2019 06:00:00","05-31-2019 16:21:24","06-05-2019 21:22:02","Approved","https://lendingclub.com/browse/loanDetail.action?loan_id=152759870"," ","Medical expenses","Medical expenses","606xx","IL","","0","6","4846","25.0","66.6","22.94","0","0.0","06-29-2005 17:00:00","680","684","0"," ","63","8"," ","7","0","12","1","71431","17248.0","52.7","14500","14","63658","9"," ","f","","1","0","0","0","0","null","12","2","7","96358","71431","6494","5","3","5","100","0","0","0","5","143","6","167","7","32700","6","9","0","19.20","INDIVIDUAL","CASH"," "," "," ","0","3","1","3","8","54183.0","85.1","1","3","4912.0","74.1","3","0","1","0"," "," "," "," "," "," "," "," "," "," "," "," "," "," "
"152966674","187986736","33325.0","16700.0","36","7.56","2.02","0.84","1037.54","A","A3","Executive Director","3 years","RENT","210000.0","Verified","06-04-2019 11:43:27","07-05-2019 10:00:00","06-05-2019 10:00:00","06-04-2019 11:36:16","06-05-2019 06:00:59","Approved","https://lendingclub.com/browse/loanDetail.action?loan_id=152966674"," ","Moving and relocation","Moving and relocation","900xx","CA","","0","2","29046","62.5","67.2","38.65","0","0.0","06-03-2004 17:00:00","685","689","0","42"," "," ","42","24","2","16","0","196983","96854.0","65.6","125900","22","138660","11"," ","f","","0","0","0","0","0","null","16","1","8","329353","196983","13132","8","8","8","95","0","0","0","8","180","8","167","24","128200","8","10","72","7.56","JOINT","CASH","440000.0","26.28","Source Verified","0","5","1","1","8","37893.0","35.5","0","1","35730.0","51.2","0","0","0","0"," ","233403","695","699","04-03-1991 16:00:00","0","2","16","63.5","7","11","0","0"," "
"153001069","188103316","35000.0","20000.0","60","15.57","7.33","0.83","843.16","C","C3","Operations Manager","5 years","MORTGAGE","141000.0","Source Verified","06-05-2019 12:39:29","07-06-2019 10:00:00","06-06-2019 10:00:00","06-05-2019 05:24:36","06-06-2019 05:57:34","Approved","https://lendingclub.com/browse/loanDetail.action?loan_id=153001069"," ","Other","Other","284xx","NC","","0","8","10685","0.0","14.5","3.17","0","0.0","12-04-2007 16:00:00","675","679","1","45"," ","5"," ","7","1","5","0","14020","8013.0","40.1","12500","17","0","5"," ","f","","0","2","0","0","0","45","5","3","5","258613","241697","48339","4","2","2","86","0","0","0","10","138","3","94","7","20000","3","3","0","15.33","INDIVIDUAL","CASH"," "," "," ","1","0","1","3","5","0.0"," ","1","3","1389.0","50.8","1","0","6","1186.75"," "," "," "," "," "," "," "," "," "," "," "," "," "," "
"153094277","188209173","35000.0","21350.0","60","16.40","7.33","0.83","858.59","C","C4","patient transition liaison","5 years","RENT","84000.0","Not Verified","06-06-2019 08:46:22","07-06-2019 18:00:00","06-06-2019 18:00:00","06-06-2019 08:40:16","06-06-2019 13:53:28","Approved","https://lendingclub.com/browse/loanDetail.action?loan_id=153094277"," ","Debt consolidation","Debt consolidation","212xx","MD","","0","4","29061","78.6","60.9","25.24","0","0.0","01-05-1995 16:00:00","660","664","0"," "," ","8"," ","4","0","26","0","58568","58568.0","57.4","74400","37","0","34"," ","f","","0","0","0","0","0","null","26","3","4","102100","58568","2253","17","12","14","100","0","0","0","3","143","19","293","4","102100","19","26","589","16.16","INDIVIDUAL","DIRECT_PAY"," "," "," ","1","0","0","0","76","0.0"," ","3","4","7467.0","57.4","0","0","3","0"," "," "," "," "," "," "," "," "," "," "," "," "," "," "
"153119250","188234967","40000.0","25050.0","36","11.02","5.15","1.01","1309.93","B","B2","","< 1 year","MORTGAGE","300000.0","Verified","06-06-2019 12:48:25","07-06-2019 18:00:00","06-06-2019 18:00:00","06-06-2019 12:47:16","06-06-2019 13:54:39","Approved","https://lendingclub.com/browse/loanDetail.action?loan_id=153119250"," ","Debt consolidation","Debt consolidation","995xx","AK","","0","2","35124","57.1","51.4","18.26","8","0.0","09-05-2004 17:00:00","705","709","0","12"," ","21","16","22","4","14","0","90766","37076.0","51.4","72200","35","168176","16","16","f","","0","0","0","0","0","16","14","0","22","496876","130759","9340","16","6","7","77","2","0","0","15","177","6","150","22","72200","6","7","0","10.91","INDIVIDUAL","CASH"," "," "," ","0","6","0","1","22","53690.0","30.9","0","1","12090.0","41.3","1","2","0","2945"," "," "," "," "," "," "," "," "," "," "," "," "," "," "
"153408047","188559185","5000.0","3525.0","36","22.50","12.63","1.49","192.25","D","D3","","< 1 year","RENT","49000.0","Not Verified","06-12-2019 08:03:59","07-16-2019 14:00:00","06-16-2019 14:00:00","06-12-2019 08:01:24","06-16-2019 10:26:10","Approved","https://lendingclub.com/browse/loanDetail.action?loan_id=153408047"," ","Debt consolidation","Debt consolidation","339xx","FL","","0","7","1005","83.3","92.2","23.32","0","0.0","10-11-1986 17:00:00","680","684","1","53"," ","6"," ","10","3","10","0","33211","12899.0","92.8","12900","28","25232","13"," ","f","","0","1","0","0","0","59","10","4","6","39132","33211","3321","10","6","6","92","0","0","0","12","60","7","392","10","13900","7","7","0","21.73","INDIVIDUAL","CASH"," "," "," ","1","3","3","5","6","20312.0","80.5","1","2","7863.0","84.9","5","0","4","0"," "," "," "," "," "," "," "," "," "," "," "," "," "," "
"152996994","188096217","40000.0","12775.0","60","8.19","2.22","0.60","814.7","A","A4","Supervisory Investigator","2 years","MORTGAGE","72000.0","Not Verified","06-04-2019 21:51:28","07-06-2019 10:00:00","06-06-2019 10:00:00","06-04-2019 20:17:47","06-06-2019 06:18:47","Approved","https://lendingclub.com/browse/loanDetail.action?loan_id=152996994"," ","Debt consolidation","Debt consolidation","808xx","CO","","0","6","49728","8.3","28.4","58.5","0","0.0","11-04-1999 16:00:00","720","724","1"," "," ","1"," ","8","3","26","0","201773","41214.0","39.2","69500","53","198032","33"," ","f","","0","0","0","0","0","null","26","2","6","303132","201773","7761","19","6","12","100","0","0","0","17","165","9","235","8","105100","9","20","0","8.22","JOINT","DIRECT_PAY","157000.0","29.89","Not Verified","1","6","1","3","6","160559.0","89.0","1","2","6208.0","58.1","3","4","7","0"," ","81621","690","694","11-04-1999 16:00:00","1","2","21","59.7","7","20","0","0"," "
"153319652","188458385","20000.0","15400.0","36","11.71","5.14","1.03","661.52","B","B3","Owner/operator ","1 year","RENT","45000.0","Not Verified","06-10-2019 19:01:09","07-11-2019 14:00:00","06-11-2019 14:00:00","06-10-2019 18:54:37","06-11-2019 09:52:54","Approved","https://lendingclub.com/browse/loanDetail.action?loan_id=153319652"," ","Debt consolidation","Debt consolidation","211xx","MD","","0","5","6198","20.0","64.0","8.59","0","0.0","12-10-2008 16:00:00","670","674","0","27"," ","10"," ","4","0","9","0","21673","12711.0","57.3","17200","13","8285","11"," ","f","","0","1","0","0","0","27","9","2","4","30485","21673","2709","7","4","6","92","0","0","0","1","10","6","126","4","22200","6","8","0","11.60","INDIVIDUAL","DIRECT_PAY"," "," "," ","1","1","1","1","10","8962.0","108.2","1","4","6414.0","71.1","2","0","1","0"," "," "," "," "," "," "," "," "," "," "," "," "," "," "
"153060423","188178159","40000.0","10775.0","36","25.00","12.86","1.42","1590.4","D","D4","","n/a","MORTGAGE","0.0","Not Verified","06-05-2019 16:04:30","07-08-2019 18:00:00","06-08-2019 18:00:00","06-05-2019 15:31:56","06-08-2019 15:35:22","Approved","https://lendingclub.com/browse/loanDetail.action?loan_id=153060423"," ","Debt consolidation","Debt consolidation","640xx","MO","","0","9","18036","12.5","45.8","9999.0","0","0.0","10-04-2005 17:00:00","670","674","0"," ","60","7"," ","6","0","12","1","76978","15264.0","41.7","33300","28","69958","20"," ","f","","1","0","0","0","0","null","12","4","6","106558","76978","6415","12","4","8","100","0","0","0","8","130","4","164","6","36600","4","10","0","24.20","JOINT","CASH","165000.0","17.18","Not Verified","1","2","1","3","7","61714.0","80.7","3","6","8300.0","59.8","3","3","2","0"," ","40231","620","624","02-04-2006 16:00:00","2","4","10","80.4","3","17","0","0"," "
"153225146","188352336","24000.0","11950.0","60","11.02","5.48","0.75","522.06","B","B2","","< 1 year","MORTGAGE","130000.0","Not Verified","06-08-2019 18:26:06","07-09-2019 06:00:00","06-09-2019 06:00:00","06-08-2019 18:20:46","06-08-2019 18:32:57","Approved","https://lendingclub.com/browse/loanDetail.action?loan_id=153225146"," ","Home buying","Home buying","064xx","CT","","0","6","8650","20.0","62.6","10.49","0","0.0","06-08-2006 17:00:00","690","694","0"," ","74","9"," ","6","3","13","1","30538","18198.0","38.0","23100","19","42071","14"," ","f","","1","0","0","0","0","null","13","3","6","89971","30538","2349","6","4","5","100","0","0","0","2","57","7","145","6","47900","7","11","0","10.91","INDIVIDUAL","CASH"," "," "," ","1","2","0","0","57","12340.0","29.3","3","6","6062.0","33.9","0","0","1","0"," "," "," "," "," "," "," "," "," "," "," "," "," "," "
"153258369","188387711","30000.0","21075.0","36","8.81","2.16","0.86","951.35","A","A5","Event Coordinator","10+ years","RENT","130000.0","Not Verified","06-09-2019 19:37:24","07-10-2019 14:00:00","06-10-2019 14:00:00","06-09-2019 19:31:10","06-10-2019 09:55:29","Approved","https://lendingclub.com/browse/loanDetail.action?loan_id=153258369"," ","Debt consolidation","Debt consolidation","327xx","FL","","0","1","5271","100.0","83.8","13.42","0","0.0","05-09-2010 17:00:00","690","694","0"," ","113"," "," ","6","0","6","1","37197","27229.0","61.2","32500","9","26765","7"," ","f","","1","0","0","0","0","null","6","1","6","71265","37197","6200","4","3","3","100","0","0","0","2","99","3","109","6","44500","3","5","0","8.80","INDIVIDUAL","DIRECT_PAY"," "," "," ","1","1","0","0","25","9968.0","37.2","1","1","14816.0","52.2","0","1","0","0"," "," "," "," "," "," "," "," "," "," "," "," "," "," "
"151864335","185805061","40000.0","30000.0","36","12.40","5.14","1.03","1336.23","B","B4","Superintendent ","5 years","MORTGAGE","84000.0","Verified","06-09-2019 17:27:43","07-11-2019 10:00:00","06-11-2019 10:00:00","05-15-2019 12:33:53","06-11-2019 06:04:41","Approved","https://lendingclub.com/browse/loanDetail.action?loan_id=151864335"," ","Debt consolidation","Debt consolidation","681xx","NE","","0","3","6198","40.0","85.0","31.83","1","0.0","08-14-2004 17:00:00","680","684","0","7"," ","8"," ","8","1","11","0","70124","36361.0","75.1","41400","22","55874","12"," ","f","","0","0","0","0","0","null","11","3","8","284774","239515","21774","6","4","5","95","0","0","0","9","99","5","177","8","48400","5","7","0","12.29","JOINT","DIRECT_PAY","176000.0","17.45","Verified","0","3","1","1","11","33763.0","60.4","2","2","19273.0","67.2","1","4","5","1516.53"," ","62856","670","674","03-14-2004 16:00:00","1","0","9","62.9","0","12","0","0"," "
"153259625","188398986","20000.0","15175.0","36","8.19","2.16","0.86","628.49","A","A4","Service Unit Manager","10+ years","MORTGAGE","90000.0","Source Verified","06-11-2019 13:16:39","07-11-2019 18:00:00","06-11-2019 18:00:00","06-09-2019 22:06:20","06-11-2019 13:55:23","Approved","https://lendingclub.com/browse/loanDetail.action?loan_id=153259625"," ","Debt consolidation","Debt consolidation","956xx","CA","","0","2","2774","66.7","78.7","34.28","2","0.0","05-09-2007 17:00:00","680","684","0","12"," ","6","12","37","2","24","0","139210","12076.0","72.7","13000","28","150160","11","40","f","","0","2","0","0","0","67","24","0","20","325490","273533","11893","6","6","6","78","0","0","0","15","145","9","131","20","16600","9","10","0","8.18","INDIVIDUAL","DIRECT_PAY"," "," "," ","0","13","0","1","22","127134.0","89.9","0","1","5465.0","87.4","2","0","1","1161.75"," "," "," "," "," "," "," "," "," "," "," "," "," "," "
"153230137","188357396","40000.0","30625.0","36","7.56","2.16","0.86","1245.36","A","A3","Registered Nurse","10+ years","MORTGAGE","140000.0","Source Verified","06-09-2019 01:40:34","07-12-2019 14:00:00","06-12-2019 14:00:00","06-08-2019 18:57:20","06-12-2019 09:55:18","Approved","https://lendingclub.com/browse/loanDetail.action?loan_id=153230137"," ","Debt consolidation","Debt consolidation","774xx","TX","","0","8","42413","28.6","47.7","13.94","0","0.0","08-08-2003 17:00:00","715","719","1"," "," ","6"," ","7","5","13","0","74285","38687.0","40.9","81100","42","58602","29"," ","f","","0","0","0","0","0","null","13","4","6","694655","589920","45378","23","5","7","100","0","0","0","8","143","5","190","7","94700","5","9","0","7.55","INDIVIDUAL","DIRECT_PAY"," "," "," ","1","2","1","1","6","35598.0","98.0","3","6","17479.0","47.9","0","1","2","4398.33"," "," "," "," "," "," "," "," "," "," "," "," "," "," "
"153379255","188519967","25000.0","21600.0","60","10.33","5.48","0.75","535.25","B","B1","Owner","10+ years","MORTGAGE","250000.0","Not Verified","06-12-2019 08:17:48","07-12-2019 14:00:00","06-12-2019 14:00:00","06-12-2019 08:11:44","06-12-2019 09:52:57","Approved","https://lendingclub.com/browse/loanDetail.action?loan_id=153379255"," ","Credit card refinancing","Credit card refinancing","113xx","NY","","0","9","12791","72.7","68.2","8.83","1","0.0","11-11-2003 16:00:00","680","684","0","6"," "," ","6","6","4","23","0","41809","30857.0","64.6","40200","40","18415","27"," ","f","","0","1","0","0","0","45","23","3","6","792020","692518","31478","16","10","11","92","0","0","0","7","150","13","187","6","47800","13","18","0","10.22","INDIVIDUAL","CASH"," "," "," ","1","2","0","1","17","4962.0","26.9","3","8","4661.0","56.6","0","0","0","4556.25","1000"," "," "," "," "," "," "," "," "," "," "," "," "," "
"153198454","188325561","40000.0","19200.0","36","12.40","5.14","1.03","1336.23","B","B4","Senior Operations Accountant","1 year","RENT","112000.0","Not Verified","06-08-2019 09:33:25","07-08-2019 14:00:00","06-08-2019 14:00:00","06-08-2019 08:47:48","06-08-2019 09:57:25","Approved","https://lendingclub.com/browse/loanDetail.action?loan_id=153198454"," ","Credit card refinancing","Credit card refinancing","532xx","WI","","0","11","23550","14.3","39.6","16.74","0","0.0","07-07-2007 17:00:00","695","699","0"," ","97","7"," ","10","0","22","1","116376","18923.0","25.4","39000","49","96787","27"," ","f","","1","0","0","0","0","null","22","7","3","171287","116376","5290","11","4","7","100","0","0","0","22","143","9","83","3","74500","9","19","0","12.29","INDIVIDUAL","CASH"," "," "," ","2","3","4","4","7","97453.0","88.9","3","7","8205.0","40.3","4","2","13","0"," "," "," "," "," "," "," "," "," "," "," "," "," "," "
"153239233","188367497","20000.0","10900.0","60","22.50","12.91","1.12","558.08","D","D3","","n/a","RENT","78000.0","Verified","06-09-2019 08:40:12","07-11-2019 14:00:00","06-11-2019 14:00:00","06-09-2019 08:29:24","06-11-2019 09:53:43","Approved","https://lendingclub.com/browse/loanDetail.action?loan_id=153239233"," ","Credit card refinancing","Credit card refinancing","063xx","CT","","0","1","14514","33.3","60.0","35.24","0","0.0","12-08-2007 16:00:00","700","704","1"," ","118","3"," ","27","0","12","1","62820","22484.0","53.8","36300","25","61989","20"," ","f","","1","0","0","0","0","null","12","0","14","108886","62820","5235","13","4","6","100","0","0","0","4","96","5","138","27","41800","5","9","0","21.71","INDIVIDUAL","CASH"," "," "," ","0","2","0","1","14","39786.0","64.2","0","0","7749.0","57.7","1","0","1","0"," "," "," "," "," "," "," "," "," "," "," "," "," "," "
"153132986","188259813","40000.0","16250.0","36","13.08","5.14","1.03","1349.3","B","B5","","< 1 year","RENT","124000.0","Not Verified","06-08-2019 18:39:09","07-09-2019 06:00:00","06-09-2019 06:00:00","06-06-2019 19:22:04","06-08-2019 18:47:47","Approved","https://lendingclub.com/browse/loanDetail.action?loan_id=153132986"," ","Debt consolidation","Debt consolidation","956xx","CA","","0","1","1786","100.0","94.9","7.45","0","0.0","10-06-2012 17:00:00","670","674","0"," "," ","3"," ","18","0","3","0","33214","33214.0","94.9","35000","4","0","4"," ","f","","0","0","0","0","0","null","3","0","18","35000","33214","11071","3","3","3","100","0","0","0","0"," ","3","80","18","35000","3","3","0","12.97","INDIVIDUAL","CASH"," "," "," ","0","0","0","0"," ","0.0"," ","0","1","28403.0","94.9","0","0","4","0"," "," "," "," "," "," "," "," "," "," "," "," "," "," "
"153458677","188638496","21275.0","20525.0","36","8.19","2.16","0.86","668.55","A","A4","38B Civil Affairs Sergeant ","7 years","MORTGAGE","60576.0","Not Verified","06-14-2019 13:24:16","07-14-2019 18:00:00","06-14-2019 18:00:00","06-12-2019 17:01:51","06-14-2019 13:53:30","Approved","https://lendingclub.com/browse/loanDetail.action?loan_id=153458677"," ","Debt consolidation","Debt consolidation","283xx","NC","","0","5","10389","0.0","28.4","26.43","0","0.0","11-12-2012 16:00:00","705","709","0"," "," ","6"," ","2","1","9","0","67699","16874.0","32.8","14500","12","62949","8"," ","f","","0","0","0","0","0","null","9","4","2","326410","276818","30758","2","2","2","91","0","0","0","3","41","6","79","2","51500","6","6","0","8.18","JOINT","CASH","91776.0","23.88","Not Verified","2","2","1","1","10","50825.0","90.0","2","3","3959.0","51.4","3","3","4","1280.28"," ","19463","695","699","07-12-2017 17:00:00","1","1","6","48.8","2","3","0","0"," "
"153294860","188436393","30000.0","16375.0","36","20.00","12.63","1.49","1114.91","D","D2","Service advisor","< 1 year","RENT","80000.0","Verified","06-10-2019 13:16:58","07-10-2019 18:00:00","06-10-2019 18:00:00","06-10-2019 13:12:44","06-10-2019 14:02:27","Approved","https://lendingclub.com/browse/loanDetail.action?loan_id=153294860"," ","Credit card refinancing","Credit card refinancing","333xx","FL","","0","9","49447","36.4","39.3","15.36","0","0.0","11-09-2013 16:00:00","680","684","1"," "," ","6"," ","14","0","20","0","36257","32101.0","34.2","81400","28","6000","24"," ","f","","0","0","0","0","0","null","20","1","12","99900","36257","1813","15","10","11","100","0","0","0","4","44","11","67","12","93900","11","19","0","19.23","INDIVIDUAL","CASH"," "," "," ","0","1","0","1","14","4156.0","69.3","1","8","7633.0","36.3","2","0","2","0"," "," "," "," "," "," "," "," "," "," "," "," "," "," "
"153339224","188477937","40000.0","26775.0","36","6.46","2.16","0.86","1225.24","A","A1","Teacher","8 years","MORTGAGE","48000.0","Not Verified","06-11-2019 04:22:50","07-11-2019 06:00:00","06-11-2019 06:00:00","06-11-2019 04:03:48","06-11-2019 05:00:34","Approved","https://lendingclub.com/browse/loanDetail.action?loan_id=153339224"," ","Debt consolidation","Debt consolidation","227xx","VA","","0","3","12120","85.7","87.6","95.08","0","0.0","11-10-1985 16:00:00","745","749","0"," "," ","9"," ","30","7","16","0","201766","85980.0","87.6","98100","34","145627","9"," ","f","","0","0","0","0","0","null","16","1","9","673760","577157","38477","9","7","8","100","0","0","0","18","162","7","403","30","98100","7","8","0","6.45","JOINT","DIRECT_PAY","187000.0","36.24","Not Verified","0","6","1","3","9","115786.0","55.0","0","0","21145.0","74.6","0","0","1","2619.56"," ","174032","690","694","11-10-1985 16:00:00","0","7","15","87.2","4","13","0","0"," "
"153173033","188299745","20000.0","9550.0","36","8.81","2.16","0.86","634.23","A","A5","","n/a","MORTGAGE","27600.0","Verified","06-11-2019 15:24:50","07-15-2019 14:00:00","06-15-2019 14:00:00","06-11-2019 15:03:03","06-15-2019 10:03:57","Approved","https://lendingclub.com/browse/loanDetail.action?loan_id=153173033"," ","Debt consolidation","Debt consolidation","294xx","SC","","0","2","23042","40.0","29.3","28.52","0","0.0","06-10-1993 17:00:00","735","739","0"," "," ","20"," ","44","0","14","0","20917","10403.0","21.1","32600","21","13200","17"," ","f","","0","0","0","0","0","null","14","0","18","62600","20917","1494","7","4","5","100","0","0","0","4","108","6","312","18","49400","6","13","0","8.80","INDIVIDUAL","CASH"," "," "," ","0","1","0","1","20","10514.0","79.7","0","1","4495.0","33.4","1","0","0","0","0"," "," "," "," "," "," "," "," "," "," "," "," "," "
"153379368","188520080","20000.0","13100.0","36","28.80","12.63","1.49","835.94","D","D5","Sales and Administration","10+ years","MORTGAGE","60000.0","Source Verified","06-12-2019 10:59:57","07-12-2019 18:00:00","06-12-2019 18:00:00","06-12-2019 10:50:30","06-12-2019 13:55:16","Approved","https://lendingclub.com/browse/loanDetail.action?loan_id=153379368"," ","Debt consolidation","Debt consolidation","956xx","CA","","0","3"," "," "," ","15.3","1","0.0","05-11-2001 17:00:00","670","674","2","5"," ","2"," "," ","3","6","0","23847","768.0","30.7","0","15","24286","6"," ","f","","0","1","0","0","0","78","6","2","2","264786","251147","50229","1","0","0","86","0","0","0","6","151","1","217","4","2500","1","3","0","28.03","INDIVIDUAL","CASH"," "," "," ","2","2","1","2","2","23079.0","95.0","1","1","0.0","89.0","0","0","2","956","956"," "," "," "," "," "," "," "," "," "," "," "," "," "
"153636290","189059664","10000.0","8025.0","36","8.81","2.16","0.86","317.12","A","A5","Program Supervisor","2 years","RENT","34992.0","Source Verified","06-15-2019 17:54:45","07-16-2019 06:00:00","06-16-2019 06:00:00","06-15-2019 17:42:21","06-15-2019 18:11:13","Approved","https://lendingclub.com/browse/loanDetail.action?loan_id=153636290"," ","Credit card refinancing","Credit card refinancing","530xx","WI","","0","3","5846","0.0","35.8","9.19","0","0.0","03-15-1993 16:00:00","680","684","0","53"," ","24","53","15","0","5","0","8252","8252.0","36.7","9100","19","0","15","53","f","","0","4","0","0","0","53","5","1","1","22500","8252","1650","4","1","1","78","0","0","0","1","83","5","315","1","22500","5","5","0","8.80","INDIVIDUAL","CASH"," "," "," ","1","0","0","0","83","0.0"," ","1","3","3254.0","36.7","0","0","0","0"," "," "," "," "," "," "," "," "," "," "," "," "," "," "
"153661409","189113944","10000.0","5350.0","36","6.46","2.16","0.86","306.31","A","A1","Title Clerk/Notary","3 years","RENT","41956.0","Source Verified","06-16-2019 13:14:34","07-16-2019 18:00:00","06-16-2019 18:00:00","06-16-2019 13:10:44","06-16-2019 13:52:14","Approved","https://lendingclub.com/browse/loanDetail.action?loan_id=153661409"," ","Debt consolidation","Debt consolidation","432xx","OH","","0","5","3547","66.7","62.7","16.02","0","0.0","02-15-2005 16:00:00","710","714","0"," ","100","13"," ","11","0","10","1","23486","7264.0","34.9","9500","13","21471","10"," ","f","","1","0","0","0","0","null","10","1","11","42271","23486","2349","3","3","3","100","0","0","0","3","157","5","172","11","20800","5","9","0","6.45","INDIVIDUAL","DIRECT_PAY"," "," "," ","0","1","0","1","20","16222.0","75.6","1","4","3209.0","55.6","2","1","0","0"," "," "," "," "," "," "," "," "," "," "," "," "," "," "
"153645847","189089387","10000.0","4175.0","36","12.40","5.14","1.03","334.06","B","B4","School bus driver","3 years","RENT","45000.0","Source Verified","06-16-2019 13:27:23","07-16-2019 18:00:00","06-16-2019 18:00:00","06-16-2019 09:52:55","06-16-2019 14:05:34","Approved","https://lendingclub.com/browse/loanDetail.action?loan_id=153645847"," ","Credit card refinancing","Credit card refinancing","907xx","CA","","0","11","362","100.0","95.4","29.55","0","0.0","09-15-2007 17:00:00","665","669","0"," ","51","10"," ","13","0","16","1","24603","10222.0","49.1","7800","30","22129","13"," ","f","","1","0","0","0","0","null","16","7","0","42929","24603","1538","4","4","4","100","0","0","0","17","94","9","141","0","20800","9","13","0","12.29","INDIVIDUAL","CASH"," "," "," ","4","3","2","4","8","14381.0","65.0","5","7","3938.0","57.3","0","16","1","0"," "," "," "," "," "," "," "," "," "," "," "," "," "," "
"153392782","188542885","15000.0","9000.0","36","20.00","12.63","1.49","557.46","D","D2","Activities director ","2 years","RENT","29000.0","Not Verified","06-14-2019 21:40:27","07-15-2019 06:00:00","06-15-2019 06:00:00","06-11-2019 22:29:27","06-14-2019 21:45:06","Approved","https://lendingclub.com/browse/loanDetail.action?loan_id=153392782"," ","Debt consolidation","Debt consolidation","851xx","AZ","","0","5","1721","33.3","46.2","19.21","0","0.0","03-11-1995 16:00:00","690","694","0","43"," ","24","54","28","0","7","0","7734","1636.0","41.9","3200","12","10434","6"," ","f","","0","0","0","0","0","null","7","1","11","14334","7734","1289","4","3","4","90","0","0","0","6","107","4","291","24","3900","4","5","966","19.23","JOINT","CASH","78000.0","10.11","Not Verified","0","2","1","4","11","6098.0","58.4","0","1","959.0","54.0","0","0","0","0"," ","2403","625","629","11-11-2011 16:00:00","0","0","5","90.8","2","3","0","0","32"
"153121078","188258851","20000.0","13950.0","36","11.71","5.14","1.03","661.52","B","B3","Maintenance technician ","2 years","RENT","53000.0","Source Verified","06-14-2019 05:27:30","07-14-2019 10:00:00","06-14-2019 10:00:00","06-06-2019 15:35:33","06-14-2019 06:07:41","Approved","https://lendingclub.com/browse/loanDetail.action?loan_id=153121078"," ","Debt consolidation","Debt consolidation","120xx","NY","","0","18","16848","9.1","23.4","35.48","0","0.0","10-05-2011 17:00:00","715","719","1"," "," ","6"," ","4","0","36","0","103106","5152.0","13.0","22000","54","94186","31"," ","f","","0","0","0","0","0","null","36","8","3","133786","103106","2864","12","4","11","100","0","0","0","23","92","4","71","4","39600","4","23","0","11.60","INDIVIDUAL","DIRECT_PAY"," "," "," ","4","13","4","10","3","97954.0","104.0","4","8","4303.0","77.1","3","2","3","0"," "," "," "," "," "," "," "," "," "," "," "," "," "," "
"153554869","188887988","40000.0","33450.0","36","8.81","2.16","0.86","1268.46","A","A5","Teacher ","10+ years","MORTGAGE","110000.0","Verified","06-14-2019 06:06:10","07-14-2019 14:00:00","06-14-2019 14:00:00","06-14-2019 06:01:38","06-14-2019 10:05:23","Approved","https://lendingclub.com/browse/loanDetail.action?loan_id=153554869"," ","Debt consolidation","Debt consolidation","906xx","CA","","0","3","5418","80.0","83.9","8.44","1","0.0","04-13-1995 17:00:00","680","684","0","21"," ","8"," ","13","7","11","0","33319","33319.0","75.2","33600","26","0","13"," ","f","","0","0","0","0","0","null","11","1","7","658361","643988","64399","6","4","5","92","0","0","0","6","165","6","290","13","44300","6","10","0","8.80","JOINT","CASH","230000.0","12.07","Verified","0","0","0","1","17","0.0"," ","0","1","20592.0","75.2","1","3","1","4624.92"," ","78515","680","684","09-13-1995 17:00:00","0","7","16","73.0","1","20","0","0"," "
"151815347","185745225","12750.0","6075.0","36","17.97","12.86","1.42","460.76","D","D1","Estimating manager","6 years","RENT","70200.0","Verified","06-13-2019 12:49:15","07-14-2019 18:00:00","06-14-2019 18:00:00","05-14-2019 19:41:22","06-14-2019 13:52:03","Approved","https://lendingclub.com/browse/loanDetail.action?loan_id=151815347"," ","Credit card refinancing","Credit card refinancing","190xx","PA","","0","8","2328","80.0","85.0","37.9","0","0.0","05-14-2005 17:00:00","665","669","2"," ","73","5"," ","6","1","14","1","65469","17591.0","78.5","15500","22","71045","9"," ","f","","1","0","0","0","0","null","14","4","1","93445","65469","4676","5","5","5","100","0","0","0","12","168","8","61","5","22400","8","8","0","17.17","INDIVIDUAL","CASH"," "," "," ","4","6","1","3","1","47878.0","67.4","3","5","3612.0","70.1","1","0","2","0"," "," "," "," "," "," "," "," "," "," "," "," "," "," "
"153048147","188149598","24000.0","16800.0","36","7.56","2.16","0.86","747.22","A","A3","General Manager ","7 years","OWN","450000.0","Source Verified","06-13-2019 15:16:37","07-14-2019 14:00:00","06-14-2019 14:00:00","06-05-2019 14:26:55","06-14-2019 10:02:40","Approved","https://lendingclub.com/browse/loanDetail.action?loan_id=153048147"," ","Home buying","Home buying","281xx","NC","","0","11","104894","0.0","16.1","5.21","0","0.0","05-04-2012 17:00:00","710","714","1","37"," ","5","37","3","0","13","0","47647","20106.0","16.1","125000","40","63803","22","37","f","","0","1","0","0","0","37","13","7","3","191098","47647","3665","20","5","9","97","0","0","0","16","79","5","85","3","125000","5","9","0","7.55","INDIVIDUAL","CASH"," "," "," ","1","3","1","1","10","27541.0","43.2","5","8","7945.0","24.9","1","1","6","0"," "," "," "," "," "," "," "," "," "," "," "," "," "," "
"152949088","187967075","20000.0","12425.0","36","13.90","7.19","1.15","682.59","C","C1","Bookkeeper","2 years","RENT","45000.0","Source Verified","06-15-2019 18:56:51","07-16-2019 06:00:00","06-16-2019 06:00:00","06-04-2019 07:45:14","06-15-2019 18:59:26","Approved","https://lendingclub.com/browse/loanDetail.action?loan_id=152949088"," ","Medical expenses","Medical expenses","850xx","AZ","","0","3","13581","0.0","18.2","2.83","0","0.0","04-03-2007 17:00:00","715","719","0","36"," ","7","36","23","0","6","0","3134","3134.0","16.5","16600","8","0","7"," ","f","","0","0","0","0","0","null","6","0","18","19000","3134","522","4","1","3","85","0","0","0","1","146","2","89","18","19000","2","6","0","13.66","INDIVIDUAL","CASH"," "," "," ","0","0","0","0","146","0.0"," ","0","3","3019.0","16.5","0","0","1","0"," "," "," "," "," "," "," "," "," "," "," "," "," "," "
"153646309","189078788","30000.0","22075.0","36","7.02","2.16","0.86","926.59","A","A2","Assistant Registrar","3 years","MORTGAGE","66000.0","Not Verified","06-16-2019 06:36:40","07-16-2019 14:00:00","06-16-2019 14:00:00","06-16-2019 06:21:38","06-16-2019 09:56:36","Approved","https://lendingclub.com/browse/loanDetail.action?loan_id=153646309"," ","Debt consolidation","Debt consolidation","130xx","NY","","0","2","7346","75.0","86.0","18.25","0","0.0","02-15-2000 16:00:00","725","729","0"," "," "," "," ","5","1","6","0","69690","45254.0","86.0","52600","17","26164","14"," ","f","","0","0","0","0","0","null","6","2","5","241729","186907","31151","13","4","4","100","0","0","0","2","222","4","232","5","52600","4","4","0","7.01","INDIVIDUAL","DIRECT_PAY"," "," "," ","1","1","1","1","11","24436.0","93.4","1","1","18985.0","88.5","0","0","0","1368.95"," "," "," "," "," "," "," "," "," "," "," "," "," "," "
"153643280","189072769","16650.0","7850.0","36","7.56","2.16","0.86","518.38","A","A3","maintenance leader","2 years","RENT","60000.0","Not Verified","06-16-2019 05:55:55","07-16-2019 10:00:00","06-16-2019 10:00:00","06-16-2019 05:33:37","06-16-2019 06:00:51","Approved","https://lendingclub.com/browse/loanDetail.action?loan_id=153643280"," ","Debt consolidation","Debt consolidation","480xx","MI","","0","2","5645","66.7","53.0","14.86","0","0.0","07-15-2006 17:00:00","705","709","0"," "," ","17"," ","49","0","6","0","25433","12609.0","51.5","12000","12","16685","6"," ","f","","0","0","0","0","0","null","6","0","17","41185","25433","4239","3","3","3","100","0","0","0","6","144","4","155","19","24500","4","5","0","7.55","INDIVIDUAL","CASH"," "," "," ","0","1","0","1","17","12824.0","76.9","0","1","2518.0","61.8","0","1","0","0"," "," "," "," "," "," "," "," "," "," "," "," "," "," "
"153639033","189082470","30000.0","17325.0","60","13.08","5.48","0.75","683.83","B","B5","Scientist","5 years","RENT","51000.0","Not Verified","06-16-2019 05:58:24","07-16-2019 10:00:00","06-16-2019 10:00:00","06-16-2019 05:48:44","06-16-2019 05:59:44","Approved","https://lendingclub.com/browse/loanDetail.action?loan_id=153639033"," ","Debt consolidation","Debt consolidation","201xx","VA","","0","2","27753","0.0","44.3","25.41","0","0.0","09-15-1979 17:00:00","740","744","0"," "," ","13"," ","3","0","8","0","35427","22047.0","44.3","49800","9","27028","6"," ","f","","0","0","0","0","0","null","8","1","3","80080","35427","5061","5","4","5","100","0","0","0","2","35","4","284","3","49800","4","5","0","12.97","INDIVIDUAL","CASH"," "," "," ","1","2","0","1","13","11713.0","43.3","1","1","7925.0","44.2","1","0","0","0"," "," "," "," "," "," "," "," "," "," "," "," "," "," "
"153493944","188695713","30000.0","17050.0","36","7.02","2.16","0.86","926.59","A","A2","Intelligence Specialist","10+ years","MORTGAGE","87000.0","Source Verified","06-13-2019 05:40:54","07-13-2019 18:00:00","06-13-2019 18:00:00","06-13-2019 05:38:21","06-13-2019 13:52:07","Approved","https://lendingclub.com/browse/loanDetail.action?loan_id=153493944"," ","Other","Other","222xx","VA","","0","9","46031","0.0","0.1","23.49","0","0.0","02-12-1983 16:00:00","720","724","0","36"," ","12","36","39","5","19","0","121842","25387.0","24.3","46100","43","89259","23"," ","f","","0","0","0","0","0","null","19","6","2","344359","265172","14732","12","1","9","95","0","0","0","15","153","3","436","3","104600","3","15","0","7.01","INDIVIDUAL","CASH"," "," "," ","3","3","4","6","2","96455.0","69.2","2","2","69.0","32.4","2","14","1","1115.05"," "," "," "," "," "," "," "," "," "," "," "," "," "," "
"153501283","188730074","25000.0","11575.0","36","28.80","12.63","1.49","1044.93","D","D5","","n/a","OWN","81000.0","Not Verified","06-13-2019 06:50:44","07-13-2019 10:00:00","06-13-2019 10:00:00","06-13-2019 06:49:24","06-13-2019 06:53:21","Approved","https://lendingclub.com/browse/loanDetail.action?loan_id=153501283"," ","Home improvement","Home improvement","224xx","VA","","0","2","162","100.0","98.2","39.97","0","0.0","05-12-1999 17:00:00","695","699","0"," "," ","14"," ","57","1","14","0","76134","48010.0","93.0","9200","26","57244","12"," ","f","","0","0","0","0","0","null","14","0","14","108844","76134","5438","3","3","3","100","0","0","0","13","159","9","139","26","51600","9","9","0","28.03","INDIVIDUAL","CASH"," "," "," ","0","5","0","2","14","28124.0","49.1","0","0","4931.0","69.9","1","0","0","0"," "," "," "," "," "," "," "," "," "," "," "," "," "," "
"153514250","188756118","40000.0","25700.0","36","13.08","5.14","1.03","1349.3","B","B5","President","< 1 year","RENT","140000.0","Not Verified","06-13-2019 09:47:46","07-13-2019 14:00:00","06-13-2019 14:00:00","06-13-2019 09:45:18","06-13-2019 10:00:25","Approved","https://lendingclub.com/browse/loanDetail.action?loan_id=153514250"," ","Credit card refinancing","Credit card refinancing","073xx","NJ","","0","2","4177","80.0","85.8","13.8","0","0.0","09-12-1991 17:00:00","685","689","0","78"," ","22"," ","39","0","8","0","37757","27229.0","87.3","29400","11","11269","7"," ","f","","0","1","0","0","0","null","8","1","9","60684","37757","4720","5","5","5","81","0","0","0","3","80","6","333","39","31200","6","6","0","12.97","INDIVIDUAL","CASH"," "," "," ","0","1","0","1","22","4382.0","38.9","0","0","9288.0","62.2","0","0","0","0"," "," "," "," "," "," "," "," "," "," "," "," "," "," "
"153660560","189115033","24000.0","8525.0","36","25.00","12.63","1.49","954.24","D","D4","Post Doctoral Fellow/Scientist","2 years","RENT","56000.0","Source Verified","06-16-2019 13:54:26","07-16-2019 18:00:00","06-16-2019 18:00:00","06-16-2019 13:35:03","06-16-2019 14:02:14","Approved","https://lendingclub.com/browse/loanDetail.action?loan_id=153660560"," ","Debt consolidation","Debt consolidation","208xx","MD","","0","6","2820","60.0","81.4","23.83","0","0.0","07-15-2005 17:00:00","675","679","0","56"," ","10","57","10","0","20","0","198033","13644.0","79.8","15200","25","147701","7","57","f","","0","2","0","0","0","56","20","1","10","164801","198033","9902","6","5","5","84","0","0","0","18","167","6","113","10","17100","6","6","0","24.23","INDIVIDUAL","CASH"," "," "," ","0","14","0","3","16","184389.0","124.1","1","3","5863.0","117.9","2","1","1","0"," "," "," "," "," "," "," "," "," "," "," "," "," "," "
"153604019","189007362","25000.0","8375.0","36","8.19","2.16","0.86","785.61","A","A4","Director  Program Management","< 1 year","MORTGAGE","225000.0","Not Verified","06-15-2019 09:53:28","07-15-2019 14:00:00","06-15-2019 14:00:00","06-15-2019 09:52:09","06-15-2019 09:54:27","Approved","https://lendingclub.com/browse/loanDetail.action?loan_id=153604019"," ","Debt consolidation","Debt consolidation","180xx","PA","","0","6","48385","11.1","25.8","14.26","0","0.0","01-14-1989 16:00:00","735","739","3","39"," ","0","39","4","2","18","0","62189","16815.0","24.5","65200","35","71631","20","39","f","","0","1","0","0","0","60","18","5","4","365364","233296","12961","15","5","9","94","0","0","0","12","148","5","365","4","68600","5","11","146","8.18","INDIVIDUAL","CASH"," "," "," ","3","5","4","5","4","44102.0","61.6","1","1","15525.0","39.7","5","0","6","1603.13"," "," "," "," "," "," "," "," "," "," "," "," "," "," "
"153375939","188524911","35000.0","18050.0","60","17.97","12.91","1.12","888.2","D","D1","Pilot","2 years","MORTGAGE","128000.0","Not Verified","06-11-2019 19:13:23","07-12-2019 06:00:00","06-12-2019 06:00:00","06-11-2019 15:22:20","06-11-2019 19:23:21","Approved","https://lendingclub.com/browse/loanDetail.action?loan_id=153375939"," ","Business","Business","329xx","FL","","0","8","42393","0.0","13.7","19.62","0","0.0","12-10-2006 16:00:00","725","729","2","25"," ","1"," ","9","6","14","0","110166","7070.0","12.7","49100","31","128809","12"," ","f","","0","0","0","0","0","null","14","6","2","536185","457806","32700","9","1","7","96","0","0","0","13","150","2","116","5","55800","2","9","0","17.18","INDIVIDUAL","CASH"," "," "," ","2","4","2","3","2","103096.0","83.3","2","2","6707.0","51.7","8","2","8","2177.07"," "," "," "," "," "," "," "," "," "," "," "," "," "," "
"153335686","188476409","26000.0","8925.0","36","20.00","12.63","1.49","966.26","D","D2","Teacher ","4 years","RENT","58000.0","Source Verified","06-12-2019 09:53:16","07-12-2019 14:00:00","06-12-2019 14:00:00","06-11-2019 06:00:09","06-12-2019 10:03:16","Approved","https://lendingclub.com/browse/loanDetail.action?loan_id=153335686"," ","Debt consolidation","Debt consolidation","752xx","TX","","0","3","14572","25.0","40.3","32.28","0","0.0","11-10-2006 16:00:00","680","684","0","60"," ","13"," ","36","0","8","0","156183","14009.0","45.0","24400","23","134119","7"," ","f","","0","0","0","0","0","60","8","2","1","165219","156183","19523","5","2","4","65","0","0","0","16","151","3","104","7","31100","3","5","0","19.23","INDIVIDUAL","CASH"," "," "," ","1","3","1","2","1","142174.0","84.1","1","1","9773.0","62.8","1","4","0","0"," "," "," "," "," "," "," "," "," "," "," "," "," "," "
"153487442","188689166","28475.0","9725.0","36","13.08","5.14","1.03","960.54","B","B5","Accounting","2 years","RENT","80000.0","Source Verified","06-14-2019 21:17:24","07-15-2019 06:00:00","06-15-2019 06:00:00","06-12-2019 23:11:23","06-14-2019 21:28:15","Approved","https://lendingclub.com/browse/loanDetail.action?loan_id=153487442"," ","Debt consolidation","Debt consolidation","021xx","MA","","0","5","2951","88.9","92.3","33.21","0","0.0","11-12-2005 16:00:00","670","674","1"," "," ","2"," ","1","0","15","0","104435","36615.0","81.5","38300","28","82775","18"," ","f","","0","0","0","0","0","null","15","2","1","127675","104435","6962","11","9","9","100","0","0","0","10","163","10","142","1","44900","10","12","0","12.97","INDIVIDUAL","CASH"," "," "," ","2","3","0","2","19","67820.0","56.9","2","3","7793.0","69.8","2","1","1","0"," "," "," "," "," "," "," "," "," "," "," "," "," "," "
"153503131","188736887","29775.0","7100.0","36","20.00","12.63","1.49","1106.55","D","D2","Operations Supervisor","< 1 year","RENT","74000.0","Not Verified","06-13-2019 06:32:17","07-13-2019 10:00:00","06-13-2019 10:00:00","06-13-2019 06:22:09","06-13-2019 06:35:14","Approved","https://lendingclub.com/browse/loanDetail.action?loan_id=153503131"," ","Debt consolidation","Debt consolidation","070xx","NJ","","0","3","7138","57.1","70.5","20.35","0","0.0","08-12-2009 17:00:00","670","674","0"," "," ","9"," ","34","0","12","0","87942","18962.0","66.1","24200","38","73045","17"," ","f","","0","0","0","0","0","null","12","1","9","101745","87942","7329","12","5","7","100","0","0","0","21","118","6","106","9","28700","6","10","0","19.23","INDIVIDUAL","CASH"," "," "," ","0","2","0","2","13","68980.0","74.9","1","1","6477.0","67.9","2","0","1","0"," "," "," "," "," "," "," "," "," "," "," "," "," "," "
"153340236","188478962","40000.0","16600.0","36","11.71","5.14","1.03","1323.04","B","B3","flight attendant","10+ years","RENT","85000.0","Not Verified","06-11-2019 04:21:47","07-11-2019 06:00:00","06-11-2019 06:00:00","06-11-2019 04:05:27","06-11-2019 04:25:18","Approved","https://lendingclub.com/browse/loanDetail.action?loan_id=153340236"," ","Debt consolidation","Debt consolidation","303xx","GA","","0","0","9700","0.0","0.0","0.91","10","0.0","03-10-2007 16:00:00","695","699","0","12"," ","6","12","49","0","8","0","61327","212.0","1.0","9700","42","52187","26","12","f","","0","3","0","0","0","21","8","0","35","72887","61327","7666","11","0","3","71","6","0","0","16","141","1","147","35","20700","1","7","59","11.60","INDIVIDUAL","CASH"," "," "," ","0","1","0","0","36","61115.0"," ","0","0","0.0","1.0","0","1","2","0"," "," "," "," "," "," "," "," "," "," "," "," "," "," "
"153421770","188570958","35000.0","8750.0","36","17.97","12.63","1.49","1264.81","D","D1","Accounting Tech","6 years","MORTGAGE","52550.0","Verified","06-12-2019 10:02:20","07-13-2019 18:00:00","06-13-2019 18:00:00","06-12-2019 09:56:04","06-13-2019 13:58:12","Approved","https://lendingclub.com/browse/loanDetail.action?loan_id=153421770"," ","Home improvement","Home improvement","922xx","CA","","0","3","3","100.0","100.0","44.12","1","0.0","12-11-1984 16:00:00","695","699","0","6"," ","4","25","148","3","14","0","33900","10393.0","43.3","7000","21","52220","10"," ","f","","0","0","0","0","0","null","14","1","4","404370","323484","23106","1","1","1","81","0","0","0","8","106","6","414","71","24000","6","8","0","17.20","JOINT","CASH","119550.0","21.49","Verified","1","4","1","3","4","23507.0","45.0","0","0","6997.0","44.5","3","4","1","2193.74"," ","24092","650","654","12-11-1984 16:00:00","0","3","7","54.0","4","2","0","0","47"
"152158918","186579962","30000.0","3675.0","36","10.33","5.15","1.01","972.68","B","B1","","n/a","MORTGAGE","100000.0","Not Verified","06-15-2019 11:59:24","07-15-2019 18:00:00","06-15-2019 18:00:00","05-21-2019 10:25:54","06-15-2019 13:54:46","Approved","https://lendingclub.com/browse/loanDetail.action?loan_id=152158918"," ","Debt consolidation","Debt consolidation","939xx","CA","","0","8","42205","9.1","42.3","18.56","1","0.0","10-20-1991 17:00:00","685","689","1","14"," ","4","14","7","2","22","0","36177","36177.0","38.5","73100","30","0","28"," ","f","","0","0","0","0","0","null","22","6","2","346900","205565","9344","11","10","11","89","0","0","0","0"," ","16","331","2","93900","16","21","743","10.22","INDIVIDUAL","DIRECT_PAY"," "," "," ","2","0","0","0"," ","0.0"," ","6","8","11675.0","38.5","0","0","2","2820.83"," "," "," "," "," "," "," "," "," "," "," "," "," "," "
"153631499","189076945","40000.0","7025.0","36","8.81","2.16","0.86","1268.46","A","A5","Lead Development Manager","7 years","MORTGAGE","1680000.0","Source Verified","06-15-2019 18:45:06","07-16-2019 06:00:00","06-16-2019 06:00:00","06-15-2019 18:43:09","06-15-2019 18:45:57","Approved","https://lendingclub.com/browse/loanDetail.action?loan_id=153631499"," ","Debt consolidation","Debt consolidation","281xx","NC","","0","6","5109","50.0","78.8","1.76","0","0.0","06-15-2005 17:00:00","685","689","0"," "," ","7"," ","16","4","8","0","131600","96477.0","89.1","76600","21","49187","7"," ","f","","0","0","0","0","0","null","8","3","6","854687","832379","104047","5","4","4","100","0","0","0","8","140","5","168","6","101600","5","5","0","8.80","INDIVIDUAL","CASH"," "," "," ","2","1","0","2","14","35123.0"," ","1","2","50523.0","89.1","1","2","4","4998"," "," "," "," "," "," "," "," "," "," "," "," "," "," "
